Id,label
0678,plate
3962,cup
9271,plate
5133,plate
8842,fork
8256,knife
4622,spoon
2775,plate
5900,knife
6372,cup
0781,cup
4827,glass
6886,spoon
7823,plate
1958,cup
0044,cup
2386,cup
1311,plate
7053,cup
9204,plate
8314,spoon
0766,cup
9102,knife
5210,cup
3249,cup
2272,cup
1637,knife
0966,spoon
7878,cup
8154,cup
2496,cup
5236,cup
1460,cup
6080,cup
8876,knife
1813,cup
6968,cup
8814,plate
4220,plate
1183,plate
0145,plate
0538,cup
2880,cup
4073,plate
0997,cup
0248,cup
7913,plate
0000,cup
2154,knife
2238,plate
8696,cup
4018,cup
2549,plate
8811,cup
6892,plate
6162,glass
2408,knife
1823,glass
5082,knife
7695,knife
8858,plate
3699,cup
7248,plate
8457,spoon
6262,cup
2946,plate
0288,cup
4850,cup
8851,cup
7800,spoon
3279,cup
9054,knife
4469,cup
4779,cup
1699,glass
7820,cup
2853,knife
5216,knife
7182,knife
2834,cup
1385,plate
0334,cup
8013,plate
0833,cup
7105,cup
1807,plate
4607,knife
5473,cup
8826,cup
9092,knife
9431,cup
8193,spoon
2881,cup
2516,spoon
6624,cup
7469,cup
2756,spoon
0926,plate
7242,knife
4875,knife
6566,cup
2568,plate
2450,plate
0050,cup
2628,plate
8228,cup
5879,spoon
3136,knife
8602,cup
3610,spoon
3445,knife
1196,cup
8051,spoon
0379,cup
2525,cup
5424,cup
2258,cup
8939,plate
0848,cup
2196,plate
1939,plate
2546,plate
9116,plate
5697,knife
1342,cup
6875,plate
0524,cup
1070,spoon
0355,cup
8223,cup
7263,plate
8162,cup
6939,glass
6276,cup
2640,spoon
0620,spoon
2489,cup
4918,cup
7057,knife
5299,spoon
9260,plate
5512,plate
8127,cup
2236,spoon
4548,cup
1998,spoon
1645,cup
9272,plate
3655,plate
1379,cup
4042,knife
8490,glass
9104,plate
5707,spoon
2655,plate
8571,cup
6295,plate
6500,cup
5275,plate
2824,cup
5852,cup
8267,plate
6879,plate
6988,cup
8674,knife
6274,cup
7434,cup
5695,cup
6914,cup
4891,plate
4078,cup
4717,cup
4983,knife
0749,plate
8833,cup
5738,plate
8947,cup
2365,cup
4567,plate
2925,plate
4143,cup
0042,cup
4336,knife
8208,cup
8423,cup
0402,cup
0116,cup
9031,cup
1206,knife
7685,cup
0744,cup
4677,cup
4561,knife
1858,cup
8699,cup
2952,cup
1789,plate
1378,knife
8970,plate
4467,glass
6724,spoon
7575,cup
7466,plate
0359,plate
3744,knife
3827,knife
0510,cup
5776,cup
7183,cup
6798,spoon
2862,cup
5682,glass
3884,plate
6023,plate
8029,plate
1629,spoon
0233,spoon
1056,cup
3575,knife
3844,cup
0852,cup
6468,plate
0494,cup
5873,plate
7077,plate
5351,cup
8052,cup
4309,cup
2561,cup
1101,cup
1383,cup
7683,cup
6854,cup
5617,cup
6727,cup
4611,cup
8101,plate
3020,cup
7305,fork
2394,knife
9436,plate
4687,cup
7176,glass
6666,cup
3817,spoon
5722,plate
5088,cup
2134,plate
6368,plate
1569,cup
0467,cup
2956,cup
2244,knife
6779,cup
8588,plate
0715,plate
6282,cup
3829,plate
2390,cup
2416,plate
3385,cup
6317,plate
3964,cup
6091,plate
2015,cup
6705,cup
7261,spoon
0264,knife
8091,plate
0666,knife
7397,cup
3179,plate
6301,plate
1368,cup
1657,cup
5502,plate
7318,cup
1647,plate
7756,cup
1712,knife
5250,cup
7637,cup
2263,cup
8873,cup
3360,cup
9091,cup
3968,cup
4517,plate
0418,cup
3692,plate
5430,cup
7278,knife
3998,cup
2166,cup
6693,plate
5131,cup
2766,plate
6761,spoon
5000,plate
2578,knife
2916,plate
1680,cup
2694,cup
5238,cup
6161,plate
6707,cup
3975,cup
5339,cup
7876,cup
2661,plate
4147,plate
5745,cup
1210,knife
3709,plate
6706,knife
2033,glass
2541,plate
4404,plate
1909,spoon
3529,cup
3365,spoon
2398,cup
7453,plate
3335,plate
0268,plate
5075,spoon
0757,cup
8726,cup
2452,spoon
3293,cup
4240,glass
6669,cup
2182,spoon
1485,cup
1516,cup
3456,spoon
5007,plate
0826,knife
3259,plate
9433,cup
3996,knife
3713,cup
8436,cup
3068,cup
6504,plate
3845,spoon
8292,cup
7461,spoon
2686,plate
1663,fork
6974,cup
9212,knife
1949,cup
1601,cup
5204,cup
1714,plate
5840,cup
1434,cup
4173,glass
4148,cup
0998,cup
9125,glass
8259,cup
9268,spoon
9243,cup
7672,spoon
1412,cup
8327,plate
7489,spoon
3582,cup
0865,spoon
6130,spoon
4750,cup
3714,plate
1488,plate
9151,plate
9018,cup
4700,plate
3048,plate
5283,plate
5067,knife
3541,cup
6057,knife
4871,plate
0259,cup
0035,cup
4251,plate
1830,cup
7281,knife
5613,cup
0141,cup
8329,cup
7233,knife
2481,cup
4528,plate
2812,plate
9146,cup
8310,knife
2964,cup
0910,plate
8123,plate
9166,spoon
9215,spoon
6568,knife
6405,knife
9257,glass
3534,cup
3440,spoon
0519,plate
1223,cup
2160,knife
2375,knife
6979,knife
8461,cup
5868,plate
7869,glass
4476,plate
8129,cup
2510,plate
5972,plate
0731,plate
8901,cup
8337,cup
3081,cup
3242,plate
0015,cup
5376,plate
4262,cup
0578,cup
0860,cup
8610,plate
2646,plate
2233,knife
0159,plate
9075,cup
3433,cup
8958,cup
6720,cup
8700,fork
6772,cup
8487,glass
0681,glass
0105,glass
6001,spoon
3911,knife
9095,plate
2096,cup
4694,plate
2890,plate
7137,plate
3584,plate
9080,plate
3239,knife
4676,cup
6945,knife
6316,plate
7034,cup
4026,cup
9391,cup
5858,cup
5565,knife
9376,cup
2727,plate
1692,plate
0893,cup
5814,plate
1288,plate
1188,plate
7455,spoon
5818,knife
1718,cup
7122,glass
8003,plate
5148,cup
2320,cup
5195,cup
4270,cup
7312,spoon
0034,cup
1226,plate
6712,knife
1679,cup
3471,cup
9352,knife
1762,cup
7275,cup
8541,cup
6056,plate
0287,cup
4468,cup
6197,cup
4080,plate
1531,plate
4539,plate
5156,knife
6948,cup
7268,glass
8665,cup
7124,cup
5926,glass
8053,cup
9036,cup
8231,plate
2705,cup
7610,glass
8536,knife
7581,cup
1912,glass
0967,plate
8653,glass
6732,cup
0680,plate
5625,cup
0512,glass
5309,knife
6593,spoon
8557,cup
8483,plate
1399,plate
5408,cup
3826,cup
3180,cup
7450,plate
1724,cup
7167,cup
2858,cup
8859,cup
5703,knife
1074,knife
3798,plate
2119,cup
1277,knife
2583,plate
5586,knife
6654,cup
3974,cup
1633,glass
4020,cup
0630,knife
8116,cup
2560,fork
2975,cup
6985,knife
4732,knife
3566,cup
4563,spoon
8488,knife
6780,knife
8962,cup
7714,spoon
3664,cup
6152,cup
1100,plate
6354,plate
8104,plate
5733,spoon
5616,plate
1062,knife
8169,glass
8756,plate
6589,cup
5699,spoon
2995,cup
8086,spoon
2740,cup
4164,plate
8766,cup
2297,cup
4812,spoon
6166,cup
7491,cup
3422,spoon
2255,plate
8815,cup
4214,knife
0917,cup
2506,plate
9304,cup
9282,plate
4315,cup
4355,cup
7910,cup
6921,cup
2009,plate
4363,spoon
6061,plate
3208,plate
2107,cup
0425,cup
6595,cup
6999,plate
3917,cup
4316,knife
8601,plate
0309,plate
1881,cup
5401,knife
3815,spoon
5587,cup
7867,plate
5832,plate
1713,cup
2837,spoon
5966,cup
5287,knife
8755,cup
8515,cup
0855,plate
8088,knife
5206,cup
7494,knife
4646,knife
0193,cup
7590,knife
6932,cup
1439,cup
7896,cup
7277,cup
6877,cup
9308,cup
1243,cup
6585,plate
3881,cup
3167,cup
4981,plate
1041,cup
0671,plate
8033,cup
1824,cup
9362,fork
3046,cup
4183,cup
1846,cup
0829,plate
2597,cup
0168,cup
6637,cup
0937,spoon
4308,plate
0597,cup
8130,plate
6899,cup
7748,cup
1612,cup
7427,plate
3606,plate
6511,plate
6640,knife
0943,knife
7661,knife
1492,spoon
6933,cup
7011,cup
5686,spoon
6320,plate
7282,plate
0673,plate
6309,cup
8140,spoon
4955,cup
0102,spoon
2762,spoon
7203,cup
0566,knife
3182,spoon
1730,cup
4815,cup
0224,plate
0714,knife
7244,plate
4422,cup
7565,cup
2248,plate
2285,cup
3565,cup
2049,plate
5541,plate
4789,plate
7283,cup
6895,cup
1360,knife
2223,cup
9276,cup
6397,cup
3836,cup
3311,cup
4070,cup
6325,cup
0929,cup
8362,cup
8546,cup
4554,cup
0390,cup
6564,knife
9016,cup
1356,cup
3338,spoon
8368,knife
5111,knife
3629,plate
7701,cup
2457,cup
6506,plate
0211,cup
1382,fork
2985,cup
4366,spoon
3363,cup
4153,cup
9384,knife
1906,cup
8551,plate
8017,cup
4810,plate
0198,cup
3302,cup
3087,glass
0636,cup
0461,cup
2663,knife
6037,cup
5914,cup
1453,plate
1683,cup
8401,cup
7304,cup
1411,glass
8429,cup
5104,cup
6158,cup
4043,plate
8197,knife
5886,plate
7015,cup
6088,cup
5331,cup
8023,knife
2498,cup
1103,plate
3914,cup
5474,plate
5632,knife
2073,cup
9373,plate
7029,plate
4976,cup
0076,spoon
7692,cup
5043,spoon
3134,knife
7560,cup
2194,plate
0018,knife
3768,fork
3554,plate
3019,cup
2527,glass
3495,plate
0887,cup
2677,cup
0366,spoon
6622,cup
3352,plate
8332,cup
9227,knife
2322,cup
3300,plate
3756,cup
3028,knife
1888,glass
2847,cup
3772,knife
5516,knife
5416,cup
8240,spoon
1457,plate
6242,plate
4843,plate
6458,cup
2553,plate
5184,plate
6802,cup
7417,spoon
4959,cup
4613,cup
2579,cup
1264,cup
1261,cup
0585,cup
4465,cup
2716,cup
0286,cup
0134,spoon
2150,plate
6119,knife
5392,plate
3292,plate
0836,cup
7551,cup
5447,cup
3251,cup
3729,spoon
4201,glass
1631,cup
2783,plate
7118,spoon
9149,cup
9196,glass
4485,plate
7586,plate
3127,cup
0913,cup
7048,knife
1775,cup
1725,knife
3441,cup
6927,plate
8334,cup
1502,cup
1325,cup
8719,cup
4612,cup
2442,cup
4301,spoon
6233,cup
7481,cup
6650,cup
7464,plate
1106,spoon
2928,cup
7289,knife
1555,cup
3049,plate
8917,knife
4710,plate
8218,cup
0658,cup
9067,knife
0693,plate
1982,plate
3600,cup
7017,spoon
9400,cup
1816,plate
8359,cup
1611,cup
9014,cup
6180,cup
0365,spoon
8199,cup
2953,cup
8377,cup
7315,knife
5790,cup
0719,cup
7607,plate
0759,plate
9099,cup
7884,cup
6151,cup
6153,plate
4736,knife
1084,cup
6729,plate
4093,cup
1295,plate
0130,knife
2994,plate
4761,knife
3265,knife
7087,cup
9254,cup
1964,cup
0907,plate
1350,cup
5765,spoon
4558,knife
5107,plate
1893,cup
7025,cup
3008,knife
7376,cup
1960,plate
7172,plate
7135,spoon
8650,glass
2701,knife
5542,plate
4267,plate
4118,cup
0007,cup
0529,spoon
7762,spoon
1345,cup
2061,plate
4964,plate
2038,plate
8022,spoon
9256,spoon
0230,knife
1863,cup
0199,cup
1971,cup
1513,plate
3622,cup
2235,spoon
3376,cup
2383,cup
6002,spoon
8504,plate
1640,cup
2605,knife
8322,cup
2022,plate
0298,plate
3076,cup
2329,cup
7174,cup
8721,cup
6795,plate
6953,plate
6739,cup
2732,plate
6799,spoon
8565,spoon
5365,cup
0426,cup
6774,plate
1737,plate
3284,cup
0588,spoon
8869,knife
3906,cup
2239,knife
7807,cup
5742,plate
4644,cup
9017,spoon
9130,spoon
3597,spoon
2131,cup
7102,cup
2126,cup
6874,cup
2544,cup
0196,cup
8072,cup
8152,cup
3321,plate
4162,knife
3458,knife
7095,cup
7482,plate
1416,cup
5444,knife
8779,cup
9265,cup
2931,plate
0799,cup
5411,cup
2829,glass
0220,plate
1026,knife
0024,plate
7260,spoon
2035,plate
7487,plate
3788,plate
9374,glass
0101,plate
6411,cup
4692,glass
6965,knife
3879,knife
2066,plate
0978,cup
0820,knife
0324,plate
6702,plate
1535,plate
1174,plate
3951,cup
5977,knife
7012,knife
3429,plate
2178,plate
3073,knife
7796,plate
1050,cup
1442,plate
8454,plate
5862,plate
5381,plate
8676,glass
9423,plate
2738,fork
0663,spoon
8352,knife
2823,plate
5508,plate
9306,spoon
2815,knife
4185,cup
2971,knife
9022,cup
7671,plate
0133,knife
3563,spoon
3188,plate
4027,plate
3132,cup
7574,plate
1626,plate
0273,cup
5694,spoon
2054,plate
0217,plate
8056,plate
9088,cup
1715,glass
4380,cup
1300,glass
6420,spoon
4067,plate
0072,plate
4056,cup
1832,spoon
6093,cup
5112,spoon
5504,cup
7719,cup
3309,knife
3686,plate
7557,cup
7693,plate
9222,knife
1274,cup
2790,knife
0991,cup
4219,cup
5178,knife
1528,cup
8260,knife
6817,glass
8396,knife
3113,cup
6181,cup
9135,cup
1669,plate
1471,spoon
7249,cup
0056,cup
6911,plate
6599,cup
2256,plate
4822,plate
6315,cup
4327,plate
0088,cup
7918,cup
4705,knife
5374,cup
1474,fork
1299,knife
5547,knife
9156,spoon
6905,cup
7027,cup
2616,cup
8445,plate
3851,cup
0544,cup
6554,knife
3899,cup
6870,glass
5628,cup
0818,plate
5391,cup
4574,glass
9242,cup
6483,knife
2362,cup
7531,plate
3986,spoon
4510,spoon
4318,cup
0459,cup
0518,cup
6896,plate
5860,plate
6904,plate
1833,knife
8973,cup
8732,cup
1310,cup
3870,knife
6713,cup
9206,cup
1983,plate
3285,cup
2152,plate
3918,cup
0427,cup
3485,glass
5955,cup
5935,glass
5318,knife
0033,cup
2637,spoon
9093,plate
0146,cup
4260,glass
5290,cup
3151,plate
3977,cup
2332,spoon
2770,plate
5414,cup
1161,plate
8348,cup
0414,cup
7138,cup
3078,cup
0487,cup
4483,cup
2352,spoon
8299,cup
3452,cup
6741,plate
1241,cup
8036,cup
6473,cup
0135,plate
5232,plate
7739,cup
2966,spoon
1625,knife
8555,plate
0204,cup
4484,cup
5906,cup
4335,cup
5008,cup
8482,plate
8754,cup
4679,knife
0963,plate
6787,spoon
3262,plate
1034,cup
5126,cup
6634,cup
5981,plate
7579,knife
8157,cup
4358,cup
0252,plate
2113,spoon
6283,spoon
0139,plate
1944,plate
5997,plate
0246,cup
7451,glass
1372,plate
4202,cup
4222,knife
2291,knife
9406,spoon
1048,spoon
1202,cup
1782,cup
4584,plate
2624,knife
9224,plate
6790,cup
4115,plate
7132,knife
3647,cup
4057,cup
8714,knife
2733,cup
4264,plate
2310,spoon
1511,cup
7147,knife
0448,plate
8891,cup
2652,spoon
7570,cup
8171,plate
7600,plate
0726,cup
6213,cup
0389,glass
4356,cup
1123,knife
1251,plate
1097,spoon
7014,cup
5484,cup
6997,cup
2396,cup
7908,cup
6257,cup
3528,glass
6598,spoon
5654,cup
4773,cup
5142,spoon
3005,knife
6340,plate
1946,cup
0410,knife
2045,cup
3822,glass
1253,knife
6456,cup
9283,cup
9320,fork
4098,spoon
7753,cup
5897,plate
1568,plate
2507,knife
3594,cup
2989,cup
4188,cup
2110,cup
6696,plate
1155,cup
4885,plate
5603,plate
5801,plate
1593,knife
3147,cup
0503,plate
4161,plate
7354,cup
0846,plate
6588,cup
0551,spoon
6004,knife
8575,cup
3518,cup
5844,cup
1301,cup
2550,cup
2557,cup
0982,knife
1515,cup
4590,cup
6631,cup
0470,cup
9297,cup
1768,plate
2400,cup
7729,knife
3833,spoon
3137,spoon
7382,plate
5221,cup
3400,plate
6658,knife
8209,cup
2791,knife
3060,spoon
6003,plate
5095,plate
0950,cup
4549,plate
7251,plate
4263,cup
2741,cup
6021,plate
3809,cup
0953,knife
0089,cup
8731,plate
3334,glass
7089,knife
2006,cup
9442,cup
2535,plate
8637,knife
2532,knife
4357,cup
8857,cup
1594,knife
4424,cup
7266,spoon
4423,plate
9275,cup
1239,cup
5788,cup
8796,plate
8206,knife
1676,plate
0888,cup
4096,cup
2157,spoon
6379,cup
3235,plate
3165,knife
3854,glass
1064,knife
0815,cup
7207,glass
6775,spoon
6488,plate
0593,fork
1291,knife
2278,plate
4543,plate
4956,cup
7822,knife
1913,knife
7475,spoon
9191,plate
6536,plate
2458,cup
8564,cup
4709,cup
1758,cup
8253,knife
3395,cup
1114,plate
4917,cup
4670,cup
1563,glass
7226,cup
2161,plate
6944,plate
3887,spoon
0437,cup
6508,cup
1166,cup
3680,cup
5689,cup
1815,plate
3568,plate
3976,plate
4660,spoon
8878,plate
4788,spoon
8474,plate
4971,plate
4733,plate
3983,cup
1117,spoon
3876,plate
6849,cup
4934,cup
8448,cup
8805,cup
3636,plate
3475,glass
3324,cup
2889,knife
7889,cup
0328,glass
4400,plate
3416,plate
8308,glass
7639,spoon
3228,plate
3135,cup
5465,plate
0527,plate
5910,knife
4032,plate
9439,spoon
8100,knife
2397,cup
3275,spoon
4425,knife
8975,knife
3377,cup
4253,cup
6509,cup
6523,plate
1644,cup
8388,cup
0900,cup
0477,cup
7149,cup
0617,plate
8005,cup
8998,cup
0797,cup
1014,cup
5581,cup
2835,plate
2724,cup
8765,cup
6806,cup
8424,cup
4370,plate
3919,plate
1754,plate
3114,cup
9350,plate
2731,knife
5989,cup
3820,cup
6474,cup
6356,cup
2851,cup
4001,cup
5143,cup
0849,knife
5604,plate
2538,cup
6279,spoon
5787,plate
3274,cup
2074,plate
2921,cup
6100,cup
0889,spoon
6735,knife
3547,plate
4730,cup
9415,glass
6538,cup
7495,cup
7104,cup
4637,cup
1577,fork
6457,plate
0823,cup
3716,cup
1058,cup
8113,plate
9377,spoon
2729,spoon
6107,knife
2410,plate
0832,cup
9173,plate
2730,knife
7780,plate
9178,cup
6444,knife
8544,cup
4029,cup
6642,plate
2370,plate
0783,knife
3904,spoon
8390,spoon
4770,cup
0845,cup
9289,cup
8812,plate
7665,glass
4133,spoon
3390,cup
8658,plate
9086,glass
5777,cup
0358,cup
5201,cup
1970,cup
2116,cup
3530,plate
3349,glass
7860,plate
8838,plate
3959,knife
8444,plate
3325,cup
5540,cup
9266,knife
0422,plate
3858,plate
4297,cup
7245,plate
0993,knife
8737,cup
3608,cup
7066,cup
1760,cup
8371,spoon
8276,knife
2571,cup
1943,knife
2077,spoon
2359,cup
7092,cup
7325,plate
2221,cup
2803,cup
6556,spoon
7750,cup
7786,cup
0786,plate
4480,plate
1326,cup
3023,knife
2219,glass
0901,cup
1639,cup
6507,plate
6264,cup
1224,plate
2443,knife
6465,cup
1115,knife
7096,glass
1843,knife
5833,knife
7360,cup
1745,cup
0238,cup
8547,cup
7509,cup
6386,knife
2138,cup
7696,cup
6132,plate
1610,cup
0226,plate
3942,plate
6038,cup
0822,plate
4384,cup
1059,cup
1256,plate
2129,plate
5700,cup
3559,cup
6472,cup
2169,cup
5754,cup
8211,knife
2283,spoon
6560,cup
5475,spoon
2331,cup
0702,cup
7412,cup
6308,cup
2658,plate
6653,cup
2075,cup
3981,spoon
4114,spoon
8853,knife
4332,plate
5566,cup
9025,plate
1996,glass
2949,glass
8794,knife
5288,glass
4604,plate
5328,cup
6611,knife
4416,cup
7513,plate
4579,plate
2429,cup
2317,cup
0271,glass
7037,plate
2991,cup
1973,plate
3621,cup
7844,plate
4712,plate
5843,cup
7342,cup
4489,knife
2067,plate
8002,plate
5962,cup
3799,glass
8398,spoon
6032,plate
8345,plate
1873,cup
1462,cup
6156,spoon
0692,cup
7220,glass
9037,cup
0456,plate
8914,plate
0051,cup
5791,plate
3482,cup
2251,cup
2108,plate
2199,cup
6675,glass
4831,cup
2846,plate
4990,plate
8243,cup
1935,cup
8478,spoon
5254,cup
7866,plate
7297,knife
2714,knife
8118,cup
9273,plate
7838,cup
1651,glass
5074,spoon
2159,cup
9108,knife
8889,cup
0485,knife
3297,cup
7649,cup
3203,spoon
4293,plate
2878,spoon
4716,cup
3657,spoon
5929,plate
4150,cup
6752,knife
5835,knife
6973,plate
9082,cup
9136,plate
7186,knife
4873,cup
5433,plate
7903,cup
1570,plate
7030,cup
1672,plate
4158,knife
6331,cup
5522,cup
4669,cup
2942,plate
7706,plate
0313,plate
0350,cup
9325,spoon
1303,plate
7166,plate
0831,spoon
0110,cup
6206,plate
3697,glass
0590,cup
1452,cup
8581,knife
3907,cup
4620,glass
7765,cup
7080,knife
6425,plate
8797,knife
2698,cup
2980,cup
7103,spoon
5428,spoon
6187,cup
8407,cup
9111,knife
9085,cup
6496,plate
2281,plate
0676,plate
2135,cup
3835,cup
2055,cup
4948,cup
7050,cup
1904,cup
3222,spoon
8628,cup
3192,spoon
4802,knife
1051,cup
3752,knife
9329,cup
5251,cup
6749,glass
5888,cup
1450,cup
6365,cup
0469,cup
1273,cup
7709,cup
0053,plate
4514,cup
8586,spoon
6517,spoon
1346,plate
9157,plate
5038,cup
0592,cup
1938,cup
7071,spoon
8335,spoon
2608,knife
8428,plate
1887,cup
8391,cup
1742,spoon
5507,cup
9240,spoon
0575,spoon
4413,spoon
5469,plate
1245,spoon
8554,cup
6887,cup
6954,cup
3705,knife
1119,cup
2123,cup
1658,cup
1199,cup
5297,spoon
6374,cup
4673,knife
9172,cup
6328,cup
0255,cup
3027,knife
6380,plate
4230,knife
7232,plate
7355,spoon
8806,cup
7704,knife
5760,knife
7797,cup
5289,plate
2502,cup
1105,plate
6427,spoon
0789,cup
6104,cup
5346,cup
3579,knife
2341,plate
3519,knife
5352,cup
6344,fork
0127,cup
3706,cup
3260,plate
3061,cup
4128,cup
0722,cup
2879,plate
0550,knife
1848,cup
1828,cup
3051,plate
4735,knife
0182,knife
1797,cup
3450,knife
6803,plate
6859,cup
2411,cup
5753,cup
6931,spoon
2910,knife
1193,knife
0158,plate
2856,knife
6128,cup
1756,knife
7784,spoon
4283,plate
3110,cup
2717,plate
5837,plate
0339,knife
1270,cup
4970,cup
5747,cup
5350,fork
8408,cup
7499,knife
2713,glass
1403,knife
1250,cup
0869,plate
0008,cup
1757,cup
3468,cup
2286,cup
9416,plate
4504,glass
2208,knife
7264,knife
4598,cup
4916,cup
0778,cup
4865,cup
3467,plate
6490,knife
8562,cup
7916,spoon
4224,cup
4968,knife
6715,knife
5418,cup
4193,plate
1755,spoon
5712,plate
9408,plate
9367,plate
2945,cup
5902,cup
5970,knife
8682,cup
1753,cup
7225,knife
5731,cup
6792,knife
1820,cup
7632,spoon
4271,spoon
8009,cup
4204,plate
2680,knife
2870,knife
7169,cup
5594,plate
3708,plate
8758,spoon
1236,cup
4387,knife
6544,cup
7865,plate
0762,knife
4632,knife
9386,plate
6909,cup
0131,glass
5207,spoon
8952,glass
4459,glass
7462,plate
5892,cup
4911,cup
2642,plate
5572,spoon
5435,knife
8226,knife
4470,knife
4799,knife
8823,glass
4203,plate
4402,plate
3615,cup
3758,cup
2968,plate
2387,plate
5219,spoon
0542,cup
8044,cup
9252,cup
8938,cup
8585,spoon
5493,plate
6467,plate
9389,knife
2958,cup
3227,plate
4306,cup
6450,knife
4982,knife
0660,plate
9187,cup
1705,plate
7843,plate
1945,plate
1057,knife
6310,plate
9163,cup
2685,glass
6159,cup
8529,plate
6987,cup
6082,spoon
3171,glass
8604,spoon
6087,cup
2706,cup
4079,cup
8251,cup
3701,plate
8809,cup
3332,cup
6777,cup
8972,knife
4140,cup
9301,plate
2643,cup
1891,plate
1621,knife
7824,plate
8343,cup
4577,plate
4415,plate
5799,knife
4019,cup
1013,cup
2939,spoon
8059,cup
4775,plate
5685,spoon
1025,cup
6329,glass
9023,knife
7682,plate
1896,plate
3041,cup
2287,cup
7400,cup
0243,plate
5334,cup
6214,cup
3783,plate
8769,knife
1794,knife
3960,knife
7317,cup
1340,spoon
1418,cup
0955,plate
4863,plate
1178,plate
8623,spoon
7712,glass
4633,cup
6070,plate
5601,cup
0765,spoon
3810,cup
2340,plate
3683,cup
4907,knife
3016,cup
5040,knife
6845,cup
0605,plate
5266,cup
7238,cup
1865,plate
2029,plate
3596,cup
4407,knife
7005,cup
0741,knife
6602,cup
3088,knife
0068,cup
7055,cup
3129,spoon
0809,plate
1940,plate
8793,spoon
2379,knife
8084,spoon
5780,plate
1405,cup
8767,plate
3502,plate
3957,cup
9269,plate
6852,knife
9250,cup
2574,plate
1212,cup
2488,spoon
4068,cup
0827,cup
1294,knife
7798,cup
2486,knife
9263,cup
4624,cup
7156,cup
4759,knife
3573,spoon
1980,spoon
9337,cup
3155,plate
5176,cup
5014,cup
9322,cup
6621,cup
7664,cup
6529,cup
4410,cup
8848,knife
5676,knife
8087,cup
8530,plate
0453,cup
3807,cup
6913,plate
3373,cup
1907,cup
3757,spoon
7403,spoon
0353,cup
7546,cup
8110,cup
0564,plate
2468,cup
7121,plate
4049,spoon
0078,plate
7432,cup
9059,cup
6424,spoon
8158,plate
1860,spoon
4399,plate
3682,cup
1336,cup
8511,plate
8728,glass
8137,plate
0249,cup
0506,spoon
7368,plate
6085,spoon
8573,cup
1793,cup
6182,cup
9248,plate
3500,cup
9032,plate
1666,cup
4386,knife
8296,knife
7333,cup
3498,knife
9081,cup
2844,cup
4914,knife
9393,cup
8672,plate
7846,knife
6442,cup
1632,knife
6876,spoon
2211,spoon
4417,cup
1642,cup
4269,plate
0175,cup
8103,cup
7655,cup
3678,cup
0090,cup
7373,knife
7314,plate
7099,cup
4236,cup
3736,plate
4252,spoon
4525,cup
5113,cup
4972,cup
1461,cup
4572,spoon
9046,cup
4743,spoon
7078,plate
5743,cup
0341,plate
7378,knife
3993,knife
1172,plate
4429,cup
9183,cup
7467,cup
6247,cup
7568,cup
2671,cup
2139,cup
8782,cup
5783,cup
5503,plate
2446,plate
8736,cup
9324,knife
0843,spoon
0059,cup
0844,cup
9195,cup
9381,cup
2315,glass
1928,plate
3177,plate
3403,cup
0493,cup
5786,plate
1774,plate
1901,cup
7470,knife
0615,cup
5051,plate
4511,cup
2788,cup
2324,plate
2062,spoon
0596,plate
5029,plate
4513,plate
2957,glass
7853,cup
0121,spoon
5091,cup
1834,spoon
3283,knife
8644,cup
4381,plate
6801,cup
1242,spoon
5050,cup
7061,cup
6203,cup
4636,cup
7833,cup
1194,plate
7806,knife
6164,glass
6680,plate
3290,plate
1487,cup
4698,cup
2764,spoon
3669,cup
2431,cup
4085,knife
2687,glass
4025,cup
2872,plate
7452,cup
1729,cup
5362,cup
5638,knife
7329,cup
3330,knife
2750,cup
3472,plate
2777,cup
1518,knife
1526,cup
5090,knife
1877,cup
6498,knife
8566,plate
5276,knife
7136,cup
4131,plate
9226,cup
5636,plate
9145,cup
4177,cup
8516,cup
5931,cup
8323,plate
1582,cup
7851,knife
0047,cup
6647,plate
9026,knife
3050,plate
3085,cup
6830,plate
0322,plate
4791,knife
6378,cup
1503,plate
5460,cup
2774,cup
8039,glass
8030,plate
2304,cup
5821,cup
8288,cup
7431,glass
1684,cup
1165,knife
1427,cup
4488,cup
1738,plate
5379,cup
3058,cup
1153,glass
4127,plate
7545,knife
7054,cup
5138,cup
6762,spoon
5775,cup
8280,fork
3307,cup
6700,spoon
2018,cup
0583,cup
2769,knife
3988,knife
6549,knife
6620,glass
1930,spoon
8717,cup
6519,cup
4288,plate
4988,plate
6297,plate
3277,knife
5807,knife
7062,plate
8745,cup
1090,spoon
8313,cup
7720,plate
0303,cup
5467,knife
7895,cup
5612,cup
6740,plate
8899,cup
2626,plate
3934,plate
5646,cup
7870,cup
2373,cup
7732,spoon
6065,spoon
3755,plate
0219,plate
0981,cup
2151,knife
8191,glass
8145,cup
0720,spoon
2424,spoon
8608,cup
2432,cup
2057,cup
7669,cup
0677,spoon
9378,cup
2923,cup
6856,cup
2333,plate
8840,glass
2267,plate
1332,plate
7074,plate
5438,plate
7446,knife
2241,knife
0445,cup
0728,plate
1098,plate
2891,cup
3351,knife
9027,cup
8928,plate
7448,cup
3271,spoon
7199,spoon
6261,knife
3734,cup
3410,plate
4665,plate
8617,glass
8135,cup
8192,plate
3690,cup
1989,cup
4555,cup
9199,fork
6915,cup
8464,cup
4541,cup
8680,knife
4340,knife
5063,knife
0239,knife
7760,plate
1219,plate
0858,cup
1331,knife
4801,plate
7402,cup
3248,plate
4182,cup
5114,glass
8261,cup
0376,spoon
7825,plate
1897,cup
2430,cup
1393,plate
6957,cup
4273,cup
3348,cup
3513,cup
2312,cup
2719,knife
6917,plate
3849,cup
2540,cup
2030,spoon
9351,spoon
3128,spoon
2041,cup
8922,plate
2463,cup
3494,plate
3301,plate
4592,plate
7480,plate
5986,spoon
6697,plate
1318,plate
6513,plate
8387,cup
6147,plate
2143,cup
3536,plate
0123,cup
6030,cup
4599,cup
4210,cup
2277,knife
5261,knife
8652,fork
8639,plate
0001,spoon
2268,cup
9069,spoon
3542,cup
7020,plate
2421,cup
1839,cup
5136,plate
8058,cup
6251,knife
6089,spoon
0363,spoon
8944,plate
0790,plate
0143,plate
1547,cup
4640,plate
1341,cup
5135,spoon
4804,spoon
5834,plate
8920,knife
1287,cup
5597,cup
6628,knife
4004,cup
4211,cup
3481,knife
6717,knife
7185,plate
4312,spoon
6893,cup
0161,plate
7512,knife
1489,cup
1257,cup
5249,plate
7127,spoon
4478,cup
2358,cup
2822,cup
3620,cup
1886,cup
6060,cup
7836,glass
6041,cup
5559,plate
3383,cup
6480,cup
6574,cup
4798,knife
7274,plate
8634,cup
4248,cup
0281,knife
8236,plate
1527,cup
3795,spoon
7917,cup
8666,plate
5191,spoon
8010,cup
2261,cup
2330,cup
2490,knife
3131,plate
8441,cup
0500,cup
1557,cup
3317,cup
5387,spoon
1380,plate
4180,cup
3753,spoon
3423,plate
8427,cup
4440,spoon
0840,glass
8274,plate
8638,cup
3842,knife
4767,plate
3856,knife
2759,cup
8214,glass
3963,knife
2509,cup
2801,knife
3949,cup
8232,cup
1113,spoon
5072,cup
0867,cup
3328,cup
1739,cup
7616,cup
8178,cup
6289,plate
3447,spoon
4409,cup
4368,knife
1370,cup
4418,cup
4899,fork
0674,cup
3741,plate
7413,knife
0192,plate
8082,spoon
6218,knife
4540,plate
3233,glass
1899,knife
3250,cup
6514,cup
9169,cup
6682,plate
1259,plate
0136,spoon
0516,cup
0430,cup
4494,spoon
4061,cup
4776,cup
7390,cup
6848,glass
5208,spoon
9024,plate
6807,cup
6403,plate
7834,plate
3743,cup
6922,plate
4608,cup
2475,cup
3145,plate
3869,cup
1454,plate
7070,cup
7175,cup
3760,spoon
5744,glass
7377,plate
0476,cup
3121,spoon
5202,spoon
1844,cup
1879,plate
7905,knife
0794,spoon
5409,cup
0336,cup
3751,cup
5001,plate
2501,knife
9079,cup
1941,cup
8093,plate
2633,plate
4926,cup
0345,plate
5953,cup
4894,glass
4740,plate
8284,cup
5031,cup
5139,cup
4250,spoon
5242,cup
5425,cup
5005,glass
5103,plate
0912,plate
4777,knife
7302,cup
8198,plate
9131,spoon
4828,plate
9113,plate
5255,plate
2935,cup
3074,knife
6211,cup
2226,spoon
5160,plate
8527,cup
4141,plate
5171,cup
6601,cup
0384,cup
7708,cup
1438,cup
4334,plate
4664,cup
4299,knife
3623,knife
4254,plate
1702,spoon
5734,knife
0999,knife
6494,cup
3209,cup
4280,spoon
5390,glass
8619,cup
1276,cup
0874,plate
0055,glass
0941,spoon
8159,cup
6338,glass
7351,knife
4349,cup
6699,cup
4583,cup
2098,plate
7039,cup
7511,cup
0011,cup
1534,fork
6066,cup
2943,cup
2675,cup
2582,spoon
2389,cup
3247,cup
4246,cup
3070,cup
1798,cup
6337,plate
2012,knife
3044,cup
6221,knife
5752,cup
0927,cup
0265,cup
9409,plate
6149,plate
9411,spoon
5427,cup
2487,cup
3098,cup
4134,knife
4825,cup
5218,plate
5762,cup
8847,cup
2725,cup
5924,spoon
6122,cup
5704,cup
5431,cup
3043,plate
3650,plate
2462,spoon
3604,spoon
1869,cup
0489,cup
1650,cup
7515,cup
2718,cup
1641,cup
1389,plate
9394,plate
9105,cup
2795,cup
7791,plate
4663,spoon
1866,plate
1735,plate
4695,knife
1536,plate
7181,plate
8155,spoon
8364,spoon
9038,cup
7428,cup
0229,spoon
3515,plate
3794,cup
6901,cup
6470,spoon
3364,cup
0553,cup
7778,cup
1367,knife
8105,cup
9414,spoon
3504,plate
0231,plate
5831,cup
3871,cup
5624,knife
6512,cup
6475,cup
1437,cup
0160,plate
1431,cup
7606,knife
5140,cup
3191,cup
8134,cup
0369,spoon
8577,spoon
9387,cup
9220,plate
0908,cup
6677,cup
0295,cup
8707,spoon
3591,plate
6125,plate
2319,fork
2036,knife
1475,cup
3672,plate
4432,cup
9294,plate
8151,cup
2534,cup
0315,knife
0706,cup
8818,plate
1107,plate
7204,cup
3320,plate
3866,spoon
6396,knife
7003,cup
1956,knife
3062,cup
7208,cup
1619,plate
1147,plate
9390,cup
3459,plate
1478,plate
3700,plate
0902,cup
0708,cup
6579,cup
6894,cup
4672,cup
8107,plate
5017,plate
3220,plate
3643,cup
2103,cup
6822,cup
9346,plate
6208,knife
8043,plate
0019,plate
5947,plate
8491,plate
1440,cup
7582,cup
8078,cup
3371,cup
8234,plate
1652,spoon
2367,cup
6401,cup
1374,plate
0703,spoon
3375,cup
0535,cup
1497,spoon
2300,cup
8421,knife
8762,knife
3091,knife
5867,cup
0513,plate
0128,plate
7492,spoon
7787,plate
6255,plate
1205,spoon
5327,cup
7257,cup
0784,cup
7544,plate
1043,knife
2342,cup
6229,cup
6462,cup
3551,knife
4978,cup
2570,cup
1201,cup
7830,plate
1770,spoon
2600,plate
5489,glass
9201,cup
3418,cup
1779,cup
0385,spoon
3407,cup
4441,glass
5085,cup
3511,plate
9021,plate
6054,cup
4931,spoon
4041,knife
4247,cup
6925,plate
3340,spoon
5751,cup
2786,spoon
0994,plate
6643,cup
4010,cup
9296,cup
8187,plate
0092,knife
7522,glass
9084,cup
1428,cup
4651,cup
7591,cup
6039,cup
6815,cup
4199,spoon
3189,knife
0670,plate
7433,cup
4913,glass
6596,plate
9115,cup
4601,plate
8246,cup
0190,cup
7279,glass
6381,plate
6679,plate
4104,cup
8282,spoon
0788,spoon
3855,plate
4009,cup
3671,knife
2761,cup
3663,knife
9426,cup
6908,knife
9179,plate
2599,cup
2083,plate
8215,plate
1054,cup
6099,cup
4688,knife
2193,cup
8587,cup
7761,plate
7236,plate
5498,glass
2308,fork
2907,cup
8012,plate
1421,cup
0424,plate
1700,plate
5732,cup
3787,cup
4232,spoon
1501,knife
6572,glass
5784,cup
5584,plate
3687,spoon
5720,cup
9185,cup
8548,plate
7270,spoon
3315,plate
7880,plate
5817,plate
6543,cup
1786,cup
0945,spoon
7366,knife
6980,plate
8651,cup
7113,cup
6244,cup
6785,cup
6681,cup
3527,cup
9110,knife
0397,plate
7914,cup
3379,cup
1218,spoon
1892,cup
7019,cup
5296,cup
2868,cup
5371,spoon
2124,knife
3387,cup
0436,cup
8802,plate
0717,knife
3090,cup
8306,cup
7388,cup
3774,knife
7835,cup
2888,cup
7831,plate
5710,cup
4870,knife
1247,glass
5510,knife
1229,plate
9168,plate
4055,cup
0155,cup
6075,cup
8691,cup
3885,plate
4317,knife
0178,plate
7879,spoon
3997,cup
7629,knife
1133,plate
7603,cup
6402,knife
2689,cup
2346,cup
8841,spoon
4506,cup
3368,cup
4803,spoon
5527,cup
7159,cup
7504,cup
6260,glass
3712,plate
4300,cup
3010,cup
7738,cup
2898,cup
0087,cup
3991,cup
4974,cup
1269,cup
8534,cup
7460,cup
5770,cup
6113,cup
2699,glass
4388,cup
1814,cup
4245,cup
7554,plate
5792,plate
4192,cup
6399,fork
3750,cup
8735,cup
3359,cup
0421,glass
5335,cup
5220,knife
6395,plate
8480,cup
9154,spoon
4344,cup
4321,spoon
1035,cup
3970,cup
1781,cup
1002,spoon
8109,cup
4568,cup
6961,cup
9194,cup
8170,cup
0915,knife
0361,glass
7067,cup
0974,plate
5583,cup
5946,plate
4406,plate
6736,plate
6415,plate
9205,knife
8328,cup
5848,cup
2016,knife
9302,cup
0234,cup
1170,cup
3313,cup
3095,cup
1192,knife
1321,plate
5920,plate
1143,cup
8200,cup
4444,plate
3168,plate
2521,cup
7638,plate
6273,plate
2050,knife
1237,spoon
5258,plate
9074,plate
2902,knife
8795,cup
5622,knife
7228,cup
0925,glass
5069,cup
3985,cup
0740,cup
7730,spoon
0274,cup
2752,cup
4307,plate
6539,plate
2023,spoon
3666,plate
6947,knife
7273,knife
5855,knife
5739,knife
8344,spoon
2065,plate
7197,plate
5923,spoon
0297,cup
3261,cup
0093,knife
5718,plate
2444,cup
9402,knife
2997,cup
5464,cup
9162,spoon
6540,cup
1020,cup
1817,cup
9077,cup
1694,cup
1624,plate
8829,spoon
4655,plate
2630,cup
1999,cup
8431,spoon
5231,cup
2960,knife
5839,cup
3184,plate
1613,plate
1160,cup
6656,cup
6890,knife
0457,glass
1088,plate
0112,plate
6072,cup
7458,cup
7425,plate
1693,cup
0407,spoon
0686,cup
5170,cup
3306,knife
8006,cup
1167,plate
5528,cup
4718,plate
2904,cup
7129,knife
3254,plate
9186,knife
3549,cup
2269,spoon
3072,plate
2798,plate
8271,cup
0323,plate
8384,plate
8649,plate
8684,cup
0156,spoon
8995,cup
4701,cup
6071,cup
0939,spoon
0312,plate
1209,cup
0435,cup
0372,spoon
7060,spoon
6584,cup
5267,cup
4365,plate
7779,cup
5336,cup
3524,cup
2240,cup
2742,knife
2639,cup
9334,cup
7384,cup
1027,cup
6469,spoon
6375,cup
4498,knife
2660,cup
3913,plate
8630,cup
7094,cup
1744,cup
2744,cup
6623,plate
8081,cup
1159,plate
3634,cup
0293,plate
3865,spoon
7047,cup
3214,plate
6577,spoon
6312,plate
4782,plate
4375,plate
8768,cup
5439,cup
8277,cup
0727,plate
5061,spoon
6821,cup
2364,cup
5243,cup
8057,cup
4414,cup
6673,cup
0956,spoon
3861,fork
6016,plate
3193,cup
7855,spoon
3825,cup
3625,spoon
3831,cup
3691,spoon
9143,cup
5417,knife
4796,spoon
7356,cup
4379,spoon
2025,plate
6937,plate
8493,cup
1430,cup
1409,cup
8204,plate
2821,cup
0918,spoon
5271,plate
4576,cup
4456,cup
7357,plate
5869,knife
5894,cup
8380,glass
2274,plate
3915,cup
3702,knife
6885,knife
3303,knife
7608,cup
8711,cup
4661,plate
2004,knife
4915,plate
2554,cup
5389,plate
0919,cup
3654,plate
5132,cup
6728,cup
4437,plate
7296,spoon
1122,plate
8786,cup
4552,plate
1129,cup
1862,cup
1197,spoon
8871,cup
2469,spoon
8294,cup
7505,spoon
2417,knife
6322,spoon
2531,cup
3172,knife
9184,cup
5083,plate
8312,knife
6591,plate
7623,cup
5562,spoon
3380,spoon
6222,knife
1809,cup
6154,plate
2710,knife
3014,cup
9153,spoon
1419,plate
5274,cup
3769,spoon
3667,spoon
9124,cup
7777,fork
8115,cup
3784,cup
6960,cup
6648,spoon
7485,plate
7465,knife
3598,cup
2607,knife
2420,knife
8047,knife
1767,cup
5778,plate
7399,cup
0531,knife
7308,cup
1646,cup
5552,knife
0940,cup
1227,cup
5045,plate
5543,spoon
1108,plate
5495,cup
8692,knife
7539,cup
7569,cup
5018,cup
0071,cup
5345,cup
7909,cup
5945,cup
0388,cup
6883,cup
9045,spoon
0251,cup
2922,cup
2407,plate
7024,cup
2950,knife
0472,cup
7605,spoon
7235,knife
5536,knife
5442,plate
9229,cup
6962,cup
6635,cup
1289,cup
8835,spoon
9177,knife
1668,plate
6106,cup
1542,plate
8817,plate
1537,cup
8286,plate
8862,cup
5991,plate
9207,plate
6941,plate
4063,plate
1951,cup
8439,cup
1681,spoon
0643,plate
9219,cup
3935,cup
3619,cup
0573,knife
5260,plate
8385,cup
9158,knife
0668,cup
3034,knife
3094,fork
4209,spoon
7058,cup
0969,cup
1524,plate
4840,cup
5949,spoon
3430,plate
7045,plate
7700,cup
5590,cup
7595,glass
2293,plate
5896,spoon
8752,cup
8921,cup
2266,plate
7100,glass
6228,cup
0261,plate
5025,cup
3453,knife
2361,cup
2684,cup
1009,cup
0665,cup
8890,cup
3442,knife
6174,cup
5554,cup
5037,knife
5813,cup
4760,cup
7646,spoon
2915,cup
6499,cup
4324,cup
4000,cup
1638,plate
1316,cup
1763,plate
0530,cup
5395,plate
0534,cup
2412,knife
8235,knife
6118,knife
6346,glass
6059,cup
0767,plate
5310,spoon
5173,cup
5922,plate
2682,cup
0973,spoon
4021,cup
3357,plate
2128,knife
5608,plate
5648,plate
3982,plate
3408,plate
6250,plate
6084,cup
8724,plate
1921,cup
0395,cup
3785,cup
8741,cup
1521,spoon
3853,cup
4421,knife
2728,cup
2192,cup
2228,cup
5199,cup
4905,knife
3215,spoon
5277,glass
7713,plate
2082,cup
3696,plate
8594,plate
0352,cup
6924,plate
4961,cup
5683,cup
0988,cup
2712,cup
6524,cup
8225,cup
6518,cup
7731,cup
4960,cup
6078,cup
7613,knife
1710,knife
4977,cup
6711,cup
0796,plate
6463,plate
9405,knife
5730,fork
8722,cup
6853,knife
0022,plate
3567,spoon
2792,cup
6169,cup
7313,cup
3264,spoon
2919,cup
1493,plate
5366,cup
4719,cup
9044,cup
3142,cup
9399,cup
7615,plate
0558,cup
4447,cup
1769,cup
9073,cup
8616,plate
0640,cup
2313,cup
0213,cup
8317,cup
6069,spoon
5066,glass
2393,knife
7498,plate
0870,knife
7180,cup
5943,knife
0147,cup
2042,cup
4296,plate
7152,cup
0381,cup
0536,glass
9167,cup
3123,cup
7703,cup
1377,cup
4987,plate
0280,cup
6557,plate
1063,cup
7594,cup
0942,plate
1969,cup
4830,cup
6092,cup
2465,cup
2436,cup
2908,cup
2784,cup
4587,plate
2827,cup
7648,cup
0830,glass
8007,cup
3517,cup
1152,cup
5024,cup
5030,cup
3874,plate
7116,knife
1322,cup
7280,spoon
1480,cup
0604,cup
5659,cup
6123,knife
3790,plate
7794,spoon
0914,cup
0975,cup
0984,spoon
5560,cup
3404,plate
4667,plate
6575,cup
3198,cup
3322,glass
7627,cup
8000,cup
4427,cup
6299,cup
3668,cup
2190,cup
5750,cup
2625,cup
4726,spoon
7684,plate
5650,cup
0371,plate
4585,cup
2893,knife
7500,cup
1922,glass
4745,cup
5698,glass
6869,cup
6641,cup
4902,plate
0498,cup
5992,knife
7852,spoon
8269,cup
2584,spoon
4949,plate
9119,plate
3848,cup
8904,spoon
2181,cup
8537,knife
9316,plate
5101,cup
3162,cup
0771,spoon
4932,plate
5268,plate
3972,plate
6101,cup
1791,cup
8336,cup
7775,cup
8471,spoon
7088,knife
3234,cup
7398,cup
2224,cup
9443,spoon
8816,cup
4753,cup
9382,plate
6644,knife
7636,spoon
1851,plate
6029,cup
8759,plate
0002,plate
8420,knife
1029,knife
4684,cup
1776,cup
7679,plate
8526,cup
1061,cup
2533,plate
7350,plate
1177,plate
2895,cup
2884,cup
4037,cup
4033,cup
1415,cup
3994,plate
2376,plate
1917,cup
9403,cup
8122,spoon
3185,cup
8748,cup
2524,cup
2618,plate
7093,plate
0601,cup
2900,cup
8076,cup
5899,knife
0096,fork
5985,cup
0962,plate
4125,spoon
1741,cup
6526,knife
3464,plate
3523,plate
1722,cup
7221,cup
5285,spoon
6719,cup
4523,spoon
0709,cup
2290,knife
7888,cup
8018,plate
7013,knife
2409,cup
3295,cup
5476,cup
9310,knife
2864,cup
1157,knife
1111,plate
1468,knife
6131,plate
4190,cup
8609,plate
7086,spoon
7285,spoon
3828,cup
0612,knife
6484,spoon
0398,plate
0488,spoon
5370,cup
4832,cup
5549,spoon
5921,knife
7345,cup
6952,cup
1871,fork
9292,cup
2721,cup
5709,cup
4008,plate
5377,cup
9421,knife
4581,spoon
8489,glass
0392,knife
9078,cup
4635,cup
4729,knife
3388,spoon
8559,cup
8607,plate
4537,cup
6842,plate
7370,spoon
2886,plate
3473,cup
8740,cup
9170,cup
5329,cup
0502,plate
4757,plate
2614,cup
8202,plate
4382,plate
3767,knife
5815,cup
8031,cup
8095,plate
4686,cup
6258,plate
2323,cup
2284,plate
2270,knife
0307,cup
7392,cup
4359,cup
3553,plate
1375,cup
4168,plate
9287,cup
7374,cup
4084,cup
7821,cup
2857,cup
6010,cup
3378,glass
6561,cup
4707,plate
6034,fork
3875,plate
1876,plate
3730,spoon
9053,spoon
1972,plate
0383,knife
7687,knife
8656,cup
7749,spoon
6254,glass
8981,cup
0539,spoon
3488,cup
7599,cup
8872,plate
1281,plate
6998,cup
1005,cup
6277,spoon
3635,cup
5188,cup
0594,cup
6225,plate
1573,plate
3161,cup
3609,knife
4339,cup
6336,fork
1225,knife
1429,plate
4105,cup
3437,cup
0132,cup
5901,knife
5217,knife
2155,spoon
4989,cup
6286,cup
8733,cup
6133,knife
4794,spoon
8542,cup
5768,cup
0304,cup
4109,plate
8142,cup
0770,plate
8165,knife
6108,cup
8709,spoon
3391,cup
5533,plate
1559,knife
1894,knife
5421,plate
5311,spoon
3069,spoon
5557,cup
1561,cup
9280,cup
8016,cup
8907,cup
7576,plate
4302,plate
6730,cup
2303,plate
5436,knife
8783,knife
3253,spoon
3823,cup
1750,knife
3478,cup
4862,plate
1104,cup
6189,cup
2355,cup
5641,cup
7316,plate
5666,cup
0291,glass
9427,plate
8749,cup
3779,cup
4790,plate
3153,spoon
4089,cup
4737,knife
4058,cup
2227,plate
7091,knife
8948,knife
2483,plate
8627,cup
9422,cup
4626,knife
6747,cup
2372,spoon
1019,cup
1255,cup
7567,cup
1602,spoon
9295,cup
7160,cup
4167,cup
2405,cup
6840,cup
7478,glass
1571,cup
2875,plate
4121,plate
1514,knife
5167,cup
6763,cup
4474,cup
1519,cup
5021,spoon
5183,cup
1752,cup
0990,cup
4011,plate
7255,cup
1979,plate
8028,glass
7887,plate
5096,glass
1015,plate
3850,cup
6606,spoon
5482,cup
9057,cup
0378,spoon
8943,cup
8883,plate
3323,spoon
7873,cup
0795,plate
4596,plate
2912,cup
2627,cup
7369,plate
0314,glass
8888,cup
8125,cup
8513,cup
2681,cup
1968,cup
8856,plate
2977,spoon
2347,plate
7211,plate
3891,plate
6418,cup
7440,knife
6778,cup
8712,cup
4038,plate
4954,cup
8220,knife
6454,cup
7604,cup
4621,cup
0308,cup
7619,spoon
4939,plate
0847,cup
1023,plate
9051,plate
0522,cup
2321,glass
2982,cup
7746,knife
0514,plate
3939,plate
5033,cup
8678,plate
9410,plate
8788,cup
4653,cup
6688,plate
2017,cup
4046,plate
0701,cup
8784,plate
4671,cup
2892,knife
2492,spoon
2099,plate
7626,plate
2052,cup
8827,plate
2299,knife
2212,spoon
